frequency,run_type,experiment,variables
hourly,WRF-MPI,Historical,clt;hfls;hfss;hur;hus;pr;ps;rlds;rlut;rsds;td;ts;ua;ustar;va;wdirs;wspds
hourly,WRF-MPI,SSP2-4.5,clt;hfls;hfss;hur;hus;pr;ps;rlds;rlut;rsds;td;ts;ua;ustar;va;wdirs;wspds
hourly,WRF-MPI,SSP3-7.0,clt;hfls;hfss;hur;hus;pr;ps;rlds;rlut;rsds;td;ts;ua;ustar;va;wdirs;wspds
hourly,WRF-Nor,Historical,clt;hfls;hfss;hur;hus;pr;ps;rlds;rlut;rsds;td;ts;ua;ustar;va;wdirs;wspds
hourly,WRF-Nor,SSP2-4.5,clt;hfls;hfss;hur;hus;pr;ps;rlds;rlut;rsds;td;ts;ua;ustar;va;wdirs;wspds
6hourly,WRF-MPI,Historical,psl;pw;sm010;sm200;st010;st200;swe;zg250;zg500;zg850
6hourly,WRF-MPI,SSP2-4.5,psl;pw;sm010;sm200;st010;st200;swe;zg250;zg500;zg850
6hourly,WRF-MPI,SSP3-7.0,psl;pw;sm010;sm200;st010;st200;swe;zg250;zg500;zg850
6hourly,WRF-Nor,Historical,psl;pw;sm010;sm200;st010;st200;swe;zg250;zg500;zg850
6hourly,WRF-Nor,SSP2-4.5,psl;pw;sm010;sm200;st010;st200;swe;zg250;zg500;zg850
daily,WRF-MPI,Historical,husmean;prday;tsmax;tsmean;tsmean2;tsmin;wspds
daily,WRF-MPI,SSP2-4.5,husmean;prday;tsmax;tsmean;tsmean2;tsmin;wspds
daily,WRF-MPI,SSP3-7.0,husmean;prday;tsmax;tsmean;tsmean2;tsmin;wspds
daily,WRF-Nor,Historical,husmean;prday;tsmax;tsmean;tsmean2;tsmin;wspds
daily,WRF-Nor,SSP2-4.5,husmean;prday;tsmax;tsmean;tsmean2;tsmin;wspds
monthly,WRF-MPI,Historical,husmeanmon;prmon;tsmaxabs;tsmaxdavg;tsmean2mon;tsmeanmon;tsminabs;tsmindavg;wspdsmon
monthly,WRF-MPI,SSP2-4.5,husmeanmon;prmon;tsmaxabs;tsmaxdavg;tsmean2mon;tsmeanmon;tsminabs;tsmindavg;wspdsmon
monthly,WRF-MPI,SSP3-7.0,husmeanmon;prmon;tsmaxabs;tsmaxdavg;tsmean2mon;tsmeanmon;tsminabs;tsmindavg;wspdsmon
monthly,WRF-Nor,Historical,husmeanmon;prmon;tsmaxabs;tsmaxdavg;tsmean2mon;tsmeanmon;tsminabs;tsmindavg;wspdsmon
monthly,WRF-Nor,SSP2-4.5,husmeanmon;prmon;tsmaxabs;tsmaxdavg;tsmean2mon;tsmeanmon;tsminabs;tsmindavg;wspdsmon
hifr,WRF-MPI,Historical,pr
hifr,WRF-MPI,SSP2-4.5,pr
hifr,WRF-MPI,SSP3-7.0,pr
hifr,WRF-Nor,Historical,pr
hifr,WRF-Nor,SSP2-4.5,pr
static,WRF-MPI,,lmask;luidx;orog
static,WRF-Nor,,lmask;luidx;orog
